<?xml version="1.0" encoding="UTF-8"?>
<project-private xmlns="http://www.netbeans.org/ns/project-private/1">
    <editor-bookmarks xmlns="http://www.netbeans.org/ns/editor-bookmarks/2" lastBookmarkId="0"/>
    <open-files xmlns="http://www.netbeans.org/ns/projectui-open-files/2">
        <group>
            <file>file:/E:/CAO_DANG_FPT/Fall%202023/Du_An_1/PRO1041_SD18312_Group/src/view/View_Giay.java</file>
            <file>file:/E:/CAO_DANG_FPT/Fall%202023/Du_An_1/PRO1041_SD18312_Group/src/DBConnect/DBConnect.java</file>
            <file>file:/E:/CAO_DANG_FPT/Fall%202023/Du_An_1/PRO1041_SD18312_Group/src/repository/LichSuGiaoDichDAO.java</file>
            <file>file:/E:/CAO_DANG_FPT/Fall%202023/Du_An_1/PRO1041_SD18312_Group/src/repository/KhachHangDAO.java</file>
            <file>file:/E:/CAO_DANG_FPT/Fall%202023/Du_An_1/PRO1041_SD18312_Group/src/repository/Service_Giay.java</file>
            <file>file:/E:/CAO_DANG_FPT/Fall%202023/Du_An_1/PRO1041_SD18312_Group/src/repository/phieugiamgiarepo.java</file>
            <file>file:/E:/CAO_DANG_FPT/Fall%202023/Du_An_1/PRO1041_SD18312_Group/src/model/loaiphieu.java</file>
            <file>file:/E:/CAO_DANG_FPT/Fall%202023/Du_An_1/PRO1041_SD18312_Group/src/repository/Interface_Giayy.java</file>
            <file>file:/E:/CAO_DANG_FPT/Fall%202023/Du_An_1/PRO1041_SD18312_Group/src/model/LichSuGiaoDich.java</file>
            <file>file:/E:/CAO_DANG_FPT/Fall%202023/Du_An_1/PRO1041_SD18312_Group/src/model/KhachHang.java</file>
            <file>file:/E:/CAO_DANG_FPT/Fall%202023/Du_An_1/PRO1041_SD18312_Group/src/view/hoadonview.java</file>
            <file>file:/E:/CAO_DANG_FPT/Fall%202023/Du_An_1/PRO1041_SD18312_Group/src/view/phieugiamgiaview.java</file>
            <file>file:/E:/CAO_DANG_FPT/Fall%202023/Du_An_1/PRO1041_SD18312_Group/src/repository/Combobox_service.java</file>
            <file>file:/E:/CAO_DANG_FPT/Fall%202023/Du_An_1/PRO1041_SD18312_Group/src/view/View_SubThuocTinh.java</file>
            <file>file:/E:/CAO_DANG_FPT/Fall%202023/Du_An_1/PRO1041_SD18312_Group/src/model/phieugiamgiachitiet.java</file>
            <file>file:/E:/CAO_DANG_FPT/Fall%202023/Du_An_1/PRO1041_SD18312_Group/src/view/GiaoDienKhachHang.java</file>
            <file>file:/E:/CAO_DANG_FPT/Fall%202023/Du_An_1/PRO1041_SD18312_Group/src/model/nhanvien.java</file>
            <file>file:/E:/CAO_DANG_FPT/Fall%202023/Du_An_1/PRO1041_SD18312_Group/src/model/phieugiamgia.java</file>
            <file>file:/E:/CAO_DANG_FPT/Fall%202023/Du_An_1/PRO1041_SD18312_Group/src/repository/NewInterface1.java</file>
        </group>
    </open-files>
</project-private>
